-- MySQL dump 10.13  Distrib 5.7.12, for Win64 (x86_64)
--
-- Host: 127.0.0.1    Database: alumru
-- ------------------------------------------------------
-- Server version	5.7.14-log

/*!40101 SET @OLD_CHARACTER_SET_CLIENT=@@CHARACTER_SET_CLIENT */;
/*!40101 SET @OLD_CHARACTER_SET_RESULTS=@@CHARACTER_SET_RESULTS */;
/*!40101 SET @OLD_COLLATION_CONNECTION=@@COLLATION_CONNECTION */;
/*!40101 SET NAMES utf8 */;
/*!40103 SET @OLD_TIME_ZONE=@@TIME_ZONE */;
/*!40103 SET TIME_ZONE='+00:00' */;
/*!40014 SET @OLD_UNIQUE_CHECKS=@@UNIQUE_CHECKS, UNIQUE_CHECKS=0 */;
/*!40014 SET @OLD_FOREIGN_KEY_CHECKS=@@FOREIGN_KEY_CHECKS, FOREIGN_KEY_CHECKS=0 */;
/*!40101 SET @OLD_SQL_MODE=@@SQL_MODE, SQL_MODE='NO_AUTO_VALUE_ON_ZERO' */;
/*!40111 SET @OLD_SQL_NOTES=@@SQL_NOTES, SQL_NOTES=0 */;

--
-- Table structure for table `alumnos`
--

DROP TABLE IF EXISTS `alumnos`;
/*!40101 SET @saved_cs_client     = @@character_set_client */;
/*!40101 SET character_set_client = utf8 */;
CREATE TABLE `alumnos` (
  `id` int(11) NOT NULL AUTO_INCREMENT,
  `id_usuario` int(11) DEFAULT NULL,
  `fecha_ingreso` datetime NOT NULL,
  `institucion` varchar(200) COLLATE utf8_spanish_ci NOT NULL,
  `apellidos` varchar(100) COLLATE utf8_spanish_ci NOT NULL,
  `nombres` varchar(100) COLLATE utf8_spanish_ci NOT NULL,
  `direccion` varchar(400) COLLATE utf8_spanish_ci NOT NULL,
  `conductor` varchar(200) COLLATE utf8_spanish_ci DEFAULT NULL,
  `expreso` int(11) DEFAULT NULL,
  `encargado` varchar(200) COLLATE utf8_spanish_ci DEFAULT NULL,
  `estado` varchar(1) COLLATE utf8_spanish_ci NOT NULL DEFAULT 'A',
  `buscar` text COLLATE utf8_spanish_ci,
  PRIMARY KEY (`id`),
  UNIQUE KEY `id_UNIQUE` (`id`),
  KEY `id_usuario_idx` (`id_usuario`),
  FULLTEXT KEY `id_search` (`apellidos`,`nombres`,`direccion`),
  CONSTRAINT `id_usuario` FOREIGN KEY (`id_usuario`) REFERENCES `usuarios` (`id`) ON DELETE NO ACTION ON UPDATE NO ACTION
) ENGINE=InnoDB AUTO_INCREMENT=105 DEFAULT CHARSET=utf8 COLLATE=utf8_spanish_ci;
/*!40101 SET character_set_client = @saved_cs_client */;

--
-- Dumping data for table `alumnos`
--

LOCK TABLES `alumnos` WRITE;
/*!40000 ALTER TABLE `alumnos` DISABLE KEYS */;
INSERT INTO `alumnos` VALUES (1,1,'2016-10-06 08:42:42','CENTRO TECNICO LA SALLE','TARIRA TRIVIÑO','ELIANA NATALY','LA JOYA ETAPA CORONA MZ 15 VILLA 14','LUIS CONTRERAS\"',23,'GLADYS TRIVIÑO TRIVIÑO','A','ELIANA NATALY TARIRA TRIVIÑO LA JOYA ETAPA CORONA MZ 15 VILLA 14'),(2,2,'2016-10-06 11:25:56','ANAI','CEVALLOS VILLACIS','ANGEL','FLORIDA NORTE MZ 105 VILLA 4','NELSON CAICEDO',12,'SARA ANDRADE','A','ANGEL CEVALLOS VILLACIS FLORIDA NORTE MZ 105 VILLA 4'),(3,1,'2016-10-06 11:42:10','FADLKFJA','TORRES','JORGE','SDLFJAKDSF','DKFAKLDJFKASDF',23,'FASKDFJAS','I','JORGE TORRES SDLFJAKDSF'),(4,71,'2016-10-30 00:51:19','IN CURSUS COMPANY','EATON','MARNY','347-5490 PHASELLUS RD.','FORREST ALLEN',358,'EMERALD FAULKNER','A','MARNY EATON 347-5490 PHASELLUS RD.'),(5,90,'2016-04-05 06:58:12','CONVALLIS ANTE LECTUS ASSOCIATES','CASTILLO','YVONNE','446-6504 ULTRICES ROAD','DYLAN BOYLE',284,'LOGAN BECKER','A','YVONNE CASTILLO 446-6504 ULTRICES ROAD'),(6,12,'2016-05-12 01:32:35','LACUS UT NEC LTD','WARD','ASHER','P.O. BOX 117, 7980 ERAT ROAD','SONIA MATHIS',389,'CAIRO BARRETT','A','ASHER WARD P.O. BOX 117, 7980 ERAT ROAD'),(7,1,'2016-06-01 00:07:58','NEC TELLUS INSTITUTE','MULLEN','GERMANE','AP #954-778 AMET, ST.','DESIRAE DIAZ',481,'HIROKO MULLEN','A','GERMANE MULLEN AP #954-778 AMET, ST.'),(8,80,'2017-10-03 04:10:40','ORCI LACUS VESTIBULUM COMPANY','PEREZ','NOMLANGA','5850 TINCIDUNT ST.','GABRIEL ALEXANDER',187,'KAYE POTTS','I','NOMLANGA PEREZ 5850 TINCIDUNT ST.'),(9,86,'2016-06-11 03:09:10','NEC IMPERDIET NEC INDUSTRIES','LLOYD','TUCKER','1649 NUNC RD.','CAMDEN COLON',100,'JOCELYN NOLAN','A','TUCKER LLOYD 1649 NUNC RD.'),(10,82,'2015-10-22 16:39:17','ALIQUET INDUSTRIES','SHELTON','HOPE','AP #735-1882 UT RD.','CASEY ELLIOTT',302,'ATHENA BRADLEY','A','HOPE SHELTON AP #735-1882 UT RD.'),(11,65,'2017-03-13 22:42:18','A LIMITED','DIAZ','HADLEY','9949 VOLUTPAT ST.','LYSANDRA ATKINS',378,'KATHLEEN MONTOYA','A','HADLEY DIAZ 9949 VOLUTPAT ST.'),(12,5,'2015-11-15 00:23:47','MI LOREM LTD','BRADSHAW','ORA','P.O. BOX 777, 2441 NONUMMY RD.','CLARKE LINDSEY',280,'JESSICA MCCLAIN','A','ORA BRADSHAW P.O. BOX 777, 2441 NONUMMY RD.'),(13,59,'2017-08-28 15:58:19','VITAE SODALES INC.','COFFEY','JEREMY','333-3554 CUM RD.','ABIGAIL CURTIS',43,'AZALIA TERRY','I','JEREMY COFFEY 333-3554 CUM RD.'),(14,83,'2016-10-01 07:24:29','SEM ELIT PHARETRA CORP.','SERRANO','BETHANY','9711 SIT AVE','CAIRO ROBBINS',356,'MERRITT KEITH','A','BETHANY SERRANO 9711 SIT AVE'),(15,32,'2017-08-01 01:28:48','EGESTAS ALIQUAM INSTITUTE','HINES','THOR','7452 VESTIBULUM ROAD','ALEA MCFARLAND',73,'GRETCHEN FARLEY','A','THOR HINES 7452 VESTIBULUM ROAD'),(16,41,'2016-12-11 11:46:38','NIBH FOUNDATION','ROMERO','BRENDEN','529-4902 SEMPER, STREET','RASHAD VINCENT',317,'SHEA BASS','A','BRENDEN ROMERO 529-4902 SEMPER, STREET'),(17,71,'2017-09-29 23:50:45','UT NEC URNA INSTITUTE','BURTON','HEIDI','P.O. BOX 712, 5289 NEC ST.','AUTUMN BURKS',460,'VERA WARNER','A','HEIDI BURTON P.O. BOX 712, 5289 NEC ST.'),(18,39,'2016-07-31 20:45:39','EGESTAS LACINIA CONSULTING','BUSH','BARRETT','P.O. BOX 551, 3901 NULLA. ROAD','LUCAS SMALL',451,'LEIGH HAYS','A','BARRETT BUSH P.O. BOX 551, 3901 NULLA. ROAD'),(19,7,'2017-05-01 22:58:24','IPSUM CURSUS VESTIBULUM PC','MILLER','TIMON','P.O. BOX 965, 5419 VULPUTATE, RD.','AMELIA REYES',445,'SAVANNAH SHAFFER','I','TIMON MILLER P.O. BOX 965, 5419 VULPUTATE, RD.'),(20,17,'2015-10-30 08:32:08','IN FAUCIBUS ORCI LLP','COFFEY','KELLY','AP #188-6060 ELEIFEND AVE','JAKEEM HOWARD',68,'GRETCHEN NEAL','A','KELLY COFFEY AP #188-6060 ELEIFEND AVE'),(21,30,'2017-02-18 13:44:53','MATTIS LLP','CASTRO','LESTER','8031 SCELERISQUE ST.','CHANNING SALINAS',375,'KEVYN KANE','A','LESTER CASTRO 8031 SCELERISQUE ST.'),(22,90,'2016-06-01 04:29:08','ET NETUS LIMITED','PARK','IVAN','AP #300-3542 CRAS ST.','CHAVA PECK',287,'SUSAN WONG','A','IVAN PARK AP #300-3542 CRAS ST.'),(23,91,'2017-06-02 14:59:32','A MALESUADA ID LTD','FERGUSON','EDEN','479-7582 SED, RD.','DUSTIN BRADY',172,'ZACHARY HERMAN','A','EDEN FERGUSON 479-7582 SED, RD.'),(24,27,'2017-01-20 22:51:05','DICTUM AUGUE LLP','GALLOWAY','KEVIN','5410 PHASELLUS RD.','SHELBY DOYLE',338,'IFEOMA MCCOY','A','KEVIN GALLOWAY 5410 PHASELLUS RD.'),(25,46,'2016-02-06 14:39:22','LOREM INCORPORATED','OWENS','LATIFAH','AP #572-6510 ULLAMCORPER, AVENUE','LILLIAN SHARPE',359,'HENRY CURTIS','A','LATIFAH OWENS AP #572-6510 ULLAMCORPER, AVENUE'),(26,50,'2017-06-23 18:00:49','AT PC','THORNTON','DAQUAN','AP #208-5701 IPSUM. ROAD','WADE EMERSON',346,'ARMAND SPEARS','A','DAQUAN THORNTON AP #208-5701 IPSUM. ROAD'),(27,10,'2016-04-11 22:53:16','EROS PROIN ULTRICES CONSULTING','CARSON','CONNOR','P.O. BOX 380, 164 ORNARE. RD.','JOLIE PENA',411,'RUBY JOHNS','A','CONNOR CARSON P.O. BOX 380, 164 ORNARE. RD.'),(28,32,'2016-01-02 15:47:16','LUCTUS ALIQUET CORP.','COLLINS','JUSTINA','4996 NON ST.','YEO BENTLEY',139,'EVELYN SIMON','A','JUSTINA COLLINS 4996 NON ST.'),(29,49,'2016-05-17 23:22:12','GRAVIDA NUNC SED INCORPORATED','DANIEL','DEIRDRE','P.O. BOX 169, 5227 ELEMENTUM, RD.','EMMANUEL MCDANIEL',389,'MADELINE HOLMAN','A','DEIRDRE DANIEL P.O. BOX 169, 5227 ELEMENTUM, RD.'),(30,75,'2017-05-25 00:42:20','CURSUS VESTIBULUM MAURIS INSTITUTE','CLEMONS','KELLY','P.O. BOX 231, 5501 LEO, ST.','SHANA SHEPPARD',69,'AUGUST ABBOTT','A','KELLY CLEMONS P.O. BOX 231, 5501 LEO, ST.'),(31,99,'2016-06-05 21:32:09','ENIM CONSEQUAT INCORPORATED','ALLEN','REMEDIOS','1004 LOREM RD.','STONE SHEPHERD',220,'LEONARD NIEVES','A','REMEDIOS ALLEN 1004 LOREM RD.'),(32,19,'2016-10-30 07:51:30','VENENATIS VEL FAUCIBUS LTD','WHITFIELD','BLAKE','3251 PROIN ROAD','SHAINE VANG',273,'BO HESS','A','BLAKE WHITFIELD 3251 PROIN ROAD'),(33,63,'2016-08-10 02:05:50','VIVAMUS CORP.','TALLEY','RUTH','510-5986 VOLUTPAT. RD.','NATHAN FIELDS',243,'ULYSSES MARSH','A','RUTH TALLEY 510-5986 VOLUTPAT. RD.'),(34,90,'2017-03-02 13:10:50','CRAS EU FOUNDATION','JUAREZ','SHAD','7636 NON, ST.','DRAKE HOUSTON',274,'MARYAM MENDOZA','A','SHAD JUAREZ 7636 NON, ST.'),(35,100,'2017-01-15 15:54:24','LUCTUS IPSUM LEO COMPANY','MARSHALL','LENORE','P.O. BOX 910, 4412 MASSA ROAD','HEDLEY DILLARD',174,'LAMAR MCKENZIE','A','LENORE MARSHALL P.O. BOX 910, 4412 MASSA ROAD'),(36,46,'2016-02-21 00:27:35','CURABITUR CORP.','BLACKWELL','PATRICIA','AP #163-9317 SEM. AV.','MIRIAM BECKER',474,'SELMA MCCRAY','A','PATRICIA BLACKWELL AP #163-9317 SEM. AV.'),(37,72,'2016-05-21 22:20:51','MAGNA A TORTOR LTD','ACEVEDO','JUSTINE','AP #418-2551 NEQUE STREET','LESLEY TRAVIS',373,'EZRA BAILEY','A','JUSTINE ACEVEDO AP #418-2551 NEQUE STREET'),(38,73,'2017-06-13 22:04:27','POSUERE CUBILIA CURAE; INDUSTRIES','COLE','GIACOMO','340-9711 NULLA. AVE','OCEAN VAUGHN',480,'PATRICK LANG','A','GIACOMO COLE 340-9711 NULLA. AVE'),(39,78,'2016-08-05 01:57:57','NEQUE CORPORATION','WOODARD','VANCE','412-8988 ANTE ST.','GRETCHEN MORENO',97,'KIRSTEN LIVINGSTON','I','VANCE WOODARD 412-8988 ANTE ST.'),(40,51,'2017-05-04 23:25:40','CURAE; CONSULTING','HARDING','LYDIA','438-937 LOREM, ROAD','KENYON WHITLEY',299,'ALDEN SNIDER','A','LYDIA HARDING 438-937 LOREM, ROAD'),(41,56,'2016-09-26 07:32:05','SED LEO CRAS PC','VANG','HILEL','211-2434 ELEIFEND ST.','BRENDA NORRIS',333,'EDWARD LEVY','A','HILEL VANG 211-2434 ELEIFEND ST.'),(42,96,'2016-02-18 13:09:17','NIBH DOLOR NONUMMY LTD','MCDONALD','LOUIS','AP #836-6758 AC RD.','ALLEGRA EDWARDS',481,'GAIL MEDINA','A','LOUIS MCDONALD AP #836-6758 AC RD.'),(43,15,'2016-10-31 09:13:23','NON ENIM FOUNDATION','FISHER','MIRA','731-2596 AMET AV.','DENNIS NORRIS',53,'HEDLEY WILLIAM','A','MIRA FISHER 731-2596 AMET AV.'),(44,13,'2017-01-30 12:08:23','NEC MALESUADA LTD','HINTON','PRICE','710-506 LACUS RD.','KAY CRAFT',128,'CLAIRE PADILLA','A','PRICE HINTON 710-506 LACUS RD.'),(45,6,'2017-01-31 10:15:31','UT LLC','YATES','AUDRA','P.O. BOX 132, 4496 IN RD.','AQUILA HUMPHREY',258,'CARA CLEVELAND','A','AUDRA YATES P.O. BOX 132, 4496 IN RD.'),(46,27,'2015-11-10 07:45:21','DUIS CONSULTING','HARVEY','IVORY','1621 NAM ST.','ALEXANDER ROSS',258,'CHANEY MULLINS','A','IVORY HARVEY 1621 NAM ST.'),(47,62,'2016-05-09 15:25:31','TELLUS EU LLP','PHELPS','MIA','P.O. BOX 737, 8808 FELIS, RD.','KIRK NICHOLSON',369,'LEO CROSBY','A','MIA PHELPS P.O. BOX 737, 8808 FELIS, RD.'),(48,78,'2016-03-23 08:37:08','NULLA TINCIDUNT CONSULTING','MARSH','ADDISON','4453 SEM STREET','MAXWELL MURRAY',329,'NORMAN WHITE','A','ADDISON MARSH 4453 SEM STREET'),(49,69,'2016-03-23 06:58:43','SED TORTOR PC','CHRISTENSEN','ADDISON','AP #167-3637 AC RD.','ELAINE LINDSAY',337,'AUBREY BANKS','A','ADDISON CHRISTENSEN AP #167-3637 AC RD.'),(50,17,'2017-05-12 04:34:07','ARCU VIVAMUS SIT LLP','PETTY','SERENA','153 NISL. AVENUE','JOY COLE',486,'QUAMAR HANEY','A','SERENA PETTY 153 NISL. AVENUE'),(51,14,'2016-06-21 22:27:42','ARCU CORPORATION','DALTON','NAYDA','AP #795-4514 ODIO AV.','MAILE GAINES',292,'FELICIA FRANKLIN','A','NAYDA DALTON AP #795-4514 ODIO AV.'),(52,43,'2017-03-16 10:42:02','DONEC COMPANY','TERRY','LISANDRA','P.O. BOX 935, 1936 CONVALLIS, ST.','LAITH ENGLAND',11,'KIMBERLY SHERMAN','A','LISANDRA TERRY P.O. BOX 935, 1936 CONVALLIS, ST.'),(53,6,'2016-12-26 15:20:22','COMMODO AUCTOR VELIT CORP.','BOWEN','CHERYL','164-6974 SEMPER. ROAD','INEZ WATTS',223,'SUSAN SCHWARTZ','A','CHERYL BOWEN 164-6974 SEMPER. ROAD'),(54,16,'2017-06-11 04:06:09','MAGNA ET CONSULTING','MILES','JACK','7601 NON, STREET','MALCOLM LESTER',244,'RAFAEL SLATER','A','JACK MILES 7601 NON, STREET'),(55,18,'2016-08-23 23:18:53','IPSUM LIMITED','HYDE','MAXINE','P.O. BOX 320, 5033 PLACERAT, AV.','KAMAL WARD',249,'EUGENIA KLEIN','A','MAXINE HYDE P.O. BOX 320, 5033 PLACERAT, AV.'),(56,67,'2016-05-20 11:46:43','PHARETRA QUISQUE AC PC','MASON','LUCAS','AP #687-7392 FERMENTUM AVENUE','THOMAS HEAD',81,'ALEXA MCKENZIE','A','LUCAS MASON AP #687-7392 FERMENTUM AVENUE'),(57,77,'2016-05-15 11:22:37','MOLESTIE ARCU ASSOCIATES','LINDSEY','SHAD','6100 INTEGER STREET','AURELIA PADILLA',55,'BRUNO MARTINEZ','A','SHAD LINDSEY 6100 INTEGER STREET'),(58,63,'2016-02-19 04:02:29','EST MOLLIS NON CORPORATION','HODGE','LACOTA','P.O. BOX 871, 5437 FAUCIBUS ROAD','KATO GRAVES',441,'CULLEN SIMON','A','LACOTA HODGE P.O. BOX 871, 5437 FAUCIBUS ROAD'),(59,2,'2016-03-02 02:25:20','QUAM QUIS LLP','MORAN','HANAE','305-8413 ALIQUET RD.','LANCE NAVARRO',226,'ZEUS STEELE','A','HANAE MORAN 305-8413 ALIQUET RD.'),(60,60,'2016-05-23 08:15:57','MASSA FOUNDATION','WORKMAN','FELIX','949-5033 VEL, RD.','GAGE GAINES',367,'ROSALYN SCHULTZ','A','FELIX WORKMAN 949-5033 VEL, RD.'),(61,30,'2017-07-29 05:01:51','PROIN EGET ODIO LTD','HUGHES','KATELL','865-1162 LOREM RD.','AMELA MOONEY',339,'EVANGELINE RAMIREZ','A','KATELL HUGHES 865-1162 LOREM RD.'),(62,40,'2015-11-02 07:38:31','TINCIDUNT INCORPORATED','BRADY','PORTER','AP #798-1468 TEMPOR AV.','QUAMAR WHITNEY',186,'MACAULAY IRWIN','I','PORTER BRADY AP #798-1468 TEMPOR AV.'),(63,39,'2017-05-27 07:00:01','SEMPER NAM INC.','HARDIN','LARS','910-3329 MOLLIS AVENUE','MARSDEN GENTRY',230,'TOBIAS REID','A','LARS HARDIN 910-3329 MOLLIS AVENUE'),(64,85,'2016-09-13 21:36:09','SUSPENDISSE SAGITTIS COMPANY','GOOD','KEANE','286-4841 UT, STREET','PALMER HENRY',155,'IOLA CLEMONS','A','KEANE GOOD 286-4841 UT, STREET'),(65,7,'2016-02-29 18:26:48','AUGUE PORTTITOR INTERDUM CORPORATION','GARRETT','GRAHAM','AP #914-9237 SEM RD.','VERNON RATLIFF',382,'MARIKO BOND','A','GRAHAM GARRETT AP #914-9237 SEM RD.'),(66,94,'2016-05-20 16:40:48','DOLOR VITAE LLC','MITCHELL','ELIANA','P.O. BOX 718, 1025 QUISQUE ROAD','URSULA CABRERA',324,'PAULA WATERS','A','ELIANA MITCHELL P.O. BOX 718, 1025 QUISQUE ROAD'),(67,22,'2016-03-09 13:15:09','TINCIDUNT LLP','FLOYD','CLARKE','7521 SED, AVENUE','SETH VANG',255,'RINA ESPINOZA','A','CLARKE FLOYD 7521 SED, AVENUE'),(68,9,'2015-11-16 20:49:34','NIBH DOLOR LTD','PEARSON','KRISTEN','P.O. BOX 523, 1540 CONSECTETUER ST.','JAQUELYN MCGEE',148,'HIRAM DONALDSON','A','KRISTEN PEARSON P.O. BOX 523, 1540 CONSECTETUER ST.'),(69,82,'2016-05-23 08:13:41','LOBORTIS RISUS IN INDUSTRIES','VEGA','LEROY','9267 LIGULA AVENUE','CHIQUITA ATKINSON',8,'VICTORIA WARREN','A','LEROY VEGA 9267 LIGULA AVENUE'),(70,24,'2016-11-16 15:45:34','CURSUS PC','BENNETT','PRISCILLA','P.O. BOX 838, 5052 LOBORTIS ST.','DEIRDRE JORDAN',500,'RAJA AYERS','A','PRISCILLA BENNETT P.O. BOX 838, 5052 LOBORTIS ST.'),(71,20,'2016-08-28 21:24:29','LOREM IPSUM DOLOR CORPORATION','VINCENT','ELIJAH','6728 LOREM ROAD','BRITANNI BEACH',326,'EZRA LEWIS','A','ELIJAH VINCENT 6728 LOREM ROAD'),(72,15,'2016-11-06 02:55:15','EROS TURPIS COMPANY','PACE','KARYN','P.O. BOX 628, 531 ORNARE STREET','CHARISSA RUIZ',457,'DAHLIA CANNON','A','KARYN PACE P.O. BOX 628, 531 ORNARE STREET'),(73,88,'2015-10-17 21:04:39','SED CORPORATION','MOON','WADE','P.O. BOX 179, 6006 TEMPOR ST.','SYLVIA ANDREWS',325,'RONAN KIDD','A','WADE MOON P.O. BOX 179, 6006 TEMPOR ST.'),(74,89,'2017-03-03 01:17:20','MAURIS MORBI PC','NGUYEN','MOANA','6652 PLACERAT AVE','JESCIE DEJESUS',323,'LACY MERRITT','A','MOANA NGUYEN 6652 PLACERAT AVE'),(75,5,'2017-04-09 00:21:41','SEM INSTITUTE','FIELDS','DRAKE','402-7237 MAURIS ROAD','RYDER HOGAN',13,'JERMAINE PETERSEN','A','DRAKE FIELDS 402-7237 MAURIS ROAD'),(76,84,'2016-08-09 10:17:44','TELLUS LLC','SYKES','RHODA','322-9021 NULLA ROAD','BRIAR GARRETT',57,'ZANE BARRETT','A','RHODA SYKES 322-9021 NULLA ROAD'),(77,18,'2017-04-19 07:35:39','ARCU NUNC MAURIS INCORPORATED','TRAVIS','FAITH','397-5049 VITAE, AV.','DARIUS CERVANTES',297,'BRYAR ALVAREZ','A','FAITH TRAVIS 397-5049 VITAE, AV.'),(78,78,'2017-04-16 17:17:22','ENIM INC.','LINDSEY','CHRISTIAN','P.O. BOX 737, 1187 ETIAM STREET','VIRGINIA GARRETT',369,'PALOMA PIERCE','A','CHRISTIAN LINDSEY P.O. BOX 737, 1187 ETIAM STREET'),(79,53,'2015-10-13 01:48:44','EGESTAS INCORPORATED','BLAKE','MORGAN','435-615 SEM STREET','ELMO GARRISON',173,'BO SANDERS','A','MORGAN BLAKE 435-615 SEM STREET'),(80,49,'2017-01-28 07:21:12','AT LLP','BALDWIN','JASMINE','P.O. BOX 341, 8253 DONEC RD.','MERCEDES MCFARLAND',392,'CLEO KIRK','A','JASMINE BALDWIN P.O. BOX 341, 8253 DONEC RD.'),(81,6,'2017-08-06 13:05:11','DICTUM MAGNA INDUSTRIES','GLASS','QUAIL','P.O. BOX 268, 7216 ULTRICES, RD.','LAMAR HART',192,'IVY TATE','A','QUAIL GLASS P.O. BOX 268, 7216 ULTRICES, RD.'),(82,27,'2016-02-27 06:44:00','DOLOR CORPORATION','HUBER','STEPHANIE','P.O. BOX 387, 6724 ORCI ST.','ZORITA MOODY',430,'HAVIVA WOLF','A','STEPHANIE HUBER P.O. BOX 387, 6724 ORCI ST.'),(83,88,'2017-06-22 10:39:32','A FOUNDATION','OCHOA','AMETHYST','P.O. BOX 975, 4340 SEMPER ROAD','JORDAN BIRD',16,'WHITNEY BRITT','A','AMETHYST OCHOA P.O. BOX 975, 4340 SEMPER ROAD'),(84,22,'2017-07-22 20:08:51','MALESUADA VEL INCORPORATED','BEASLEY','JAIME','AP #539-8667 MORBI RD.','IAN MCCARTHY',249,'STEWART PORTER','A','JAIME BEASLEY AP #539-8667 MORBI RD.'),(85,88,'2016-08-16 19:18:30','PORTTITOR CONSULTING','WATTS','AVRAM','2973 GRAVIDA RD.','ADRIENNE POOLE',491,'MARIKO RIVERA','A','AVRAM WATTS 2973 GRAVIDA RD.'),(86,36,'2015-11-28 13:24:55','NUNC LLP','MCINTYRE','COOPER','AP #711-7582 ELEIFEND AVENUE','SADE MASSEY',97,'HEDDA COCHRAN','A','COOPER MCINTYRE AP #711-7582 ELEIFEND AVENUE'),(87,38,'2015-12-19 05:03:16','ALIQUET LIMITED','OLIVER','BRYNN','AP #420-4629 MAGNA. AVENUE','TANA DAVID',134,'JESSAMINE GREEN','A','BRYNN OLIVER AP #420-4629 MAGNA. AVENUE'),(88,24,'2016-07-15 18:36:24','METUS URNA CONVALLIS LLP','BUCHANAN','DALTON','432-1377 MOLESTIE STREET','ANJOLIE KIRBY',435,'LEILA STRONG','A','DALTON BUCHANAN 432-1377 MOLESTIE STREET'),(89,29,'2016-05-21 13:20:20','NON CURSUS NON PC','WINTERS','MARIAM','976-3385 DUI. AVENUE','VIRGINIA FOWLER',123,'ABBOT LUCAS','A','MARIAM WINTERS 976-3385 DUI. AVENUE'),(90,76,'2016-10-11 04:43:05','ACCUMSAN PC','MARTINEZ','ODYSSEUS','AP #785-814 DIAM ST.','HILDA BUTLER',352,'MELINDA STRONG','A','ODYSSEUS MARTINEZ AP #785-814 DIAM ST.'),(91,31,'2017-02-09 01:27:08','EU TEMPOR ASSOCIATES','BROWNING','KIMBERLEY','AP #291-7732 PORTA RD.','ASPEN BUCHANAN',365,'MAGGIE FORD','A','KIMBERLEY BROWNING AP #291-7732 PORTA RD.'),(92,70,'2017-09-27 04:03:52','CRAS EU TELLUS LIMITED','HUDSON','WARREN','P.O. BOX 793, 3774 IPSUM ST.','OCEAN MEDINA',345,'HANNA CLAYTON','I','WARREN HUDSON P.O. BOX 793, 3774 IPSUM ST.'),(93,31,'2017-01-07 20:57:26','TRISTIQUE PHARETRA LLC','ADAMS','KELLIE','AP #488-2663 LOREM RD.','ALLISTAIR DIAZ',197,'AMANDA BLACKWELL','A','KELLIE ADAMS AP #488-2663 LOREM RD.'),(94,46,'2017-05-31 15:52:17','FAMES AC CORPORATION','WEISS','LUCY','4487 LAOREET RD.','LEANDRA YORK',80,'MARA MERRILL','A','LUCY WEISS 4487 LAOREET RD.'),(95,88,'2017-08-31 09:30:15','DOLOR ELIT PELLENTESQUE PC','ADKINS','EDAN','P.O. BOX 565, 8464 PORTTITOR ROAD','DOMINIQUE HURST',306,'RENEE HOWARD','A','EDAN ADKINS P.O. BOX 565, 8464 PORTTITOR ROAD'),(96,66,'2016-01-29 01:14:15','MI LOREM VEHICULA ASSOCIATES','HEAD','CELESTE','P.O. BOX 522, 6342 AUCTOR ROAD','KEITH SANCHEZ',84,'LANA BOYD','A','CELESTE HEAD P.O. BOX 522, 6342 AUCTOR ROAD'),(97,81,'2016-10-25 07:15:01','NETUS ET MALESUADA FOUNDATION','CARSON','ROSE','8657 QUISQUE AVENUE','BRENDA WARREN',241,'DANIEL DELACRUZ','A','ROSE CARSON 8657 QUISQUE AVENUE'),(98,97,'2016-12-21 17:03:27','MATTIS SEMPER INSTITUTE','LINDSEY','MAIA','P.O. BOX 144, 812 INTEGER RD.','CAMERON OWENS',478,'YVONNE POWELL','A','MAIA LINDSEY P.O. BOX 144, 812 INTEGER RD.'),(99,7,'2016-03-13 17:43:06','COMMODO AUCTOR INC.','GARRETT','CHANDA','142-3060 CONSECTETUER STREET','SASHA HICKMAN',427,'OPRAH MAYS','A','CHANDA GARRETT 142-3060 CONSECTETUER STREET'),(100,77,'2017-03-10 21:08:13','ID FOUNDATION','FREEMAN','WANDA','203-7354 IN AVE','HENRY BASS',243,'OCTAVIUS REEVES','A','WANDA FREEMAN 203-7354 IN AVE'),(101,24,'2017-04-17 21:33:13','NULLA FACILISI SED INDUSTRIES','EVANS','DAQUAN','P.O. BOX 543, 658 MAGNA AV.','BAXTER CANTU',188,'CIARAN WILLIAMSON','A','DAQUAN EVANS P.O. BOX 543, 658 MAGNA AV.'),(102,79,'2017-10-04 20:02:18','AC ELEIFEND VITAE LIMITED','COOPER','DAN','AP #568-9142 PER RD.','LEAH HENSON',128,'BEVERLY GONZALEZ','A','DAN COOPER AP #568-9142 PER RD.'),(103,13,'2016-05-20 05:36:08','SED EU PC','WATERS','JAMESON','9536 SED RD.','LAWRENCE BRAY',421,'FAY ROSS','A','JAMESON WATERS 9536 SED RD.'),(104,11,'2016-10-06 15:21:44','PLASTIMET','PAZMIÑO','WILLIAM','SAUCES','EL PAPA',23,'MARI','I','WILLIAM PAZMIÑO SAUCES');
/*!40000 ALTER TABLE `alumnos` ENABLE KEYS */;
UNLOCK TABLES;

--
-- Table structure for table `estados`
--

DROP TABLE IF EXISTS `estados`;
/*!40101 SET @saved_cs_client     = @@character_set_client */;
/*!40101 SET character_set_client = utf8 */;
CREATE TABLE `estados` (
  `id` int(11) NOT NULL AUTO_INCREMENT,
  `descripcion` varchar(45) NOT NULL,
  `estado` char(1) DEFAULT 'A',
  PRIMARY KEY (`id`),
  UNIQUE KEY `id_UNIQUE` (`id`)
) ENGINE=InnoDB AUTO_INCREMENT=4 DEFAULT CHARSET=utf8;
/*!40101 SET character_set_client = @saved_cs_client */;

--
-- Dumping data for table `estados`
--

LOCK TABLES `estados` WRITE;
/*!40000 ALTER TABLE `estados` DISABLE KEYS */;
INSERT INTO `estados` VALUES (1,'CASA','A'),(2,'EXPRESO','A'),(3,'ESCUELA','A');
/*!40000 ALTER TABLE `estados` ENABLE KEYS */;
UNLOCK TABLES;

--
-- Table structure for table `historial`
--

DROP TABLE IF EXISTS `historial`;
/*!40101 SET @saved_cs_client     = @@character_set_client */;
/*!40101 SET character_set_client = utf8 */;
CREATE TABLE `historial` (
  `id` int(11) NOT NULL AUTO_INCREMENT,
  `id_alumno` int(11) DEFAULT NULL,
  `id_estado` int(11) DEFAULT NULL,
  `fecha` datetime NOT NULL,
  `estado` char(1) DEFAULT 'A',
  PRIMARY KEY (`id`),
  KEY `idAlumnoFK_idx` (`id_alumno`),
  KEY `idEstadoFK_idx` (`id_estado`),
  CONSTRAINT `idAlumnoFK` FOREIGN KEY (`id_alumno`) REFERENCES `alumnos` (`id`) ON DELETE NO ACTION ON UPDATE NO ACTION,
  CONSTRAINT `idEstadoFK` FOREIGN KEY (`id_estado`) REFERENCES `estados` (`id`) ON DELETE NO ACTION ON UPDATE NO ACTION
) ENGINE=InnoDB AUTO_INCREMENT=101 DEFAULT CHARSET=utf8;
/*!40101 SET character_set_client = @saved_cs_client */;

--
-- Dumping data for table `historial`
--

LOCK TABLES `historial` WRITE;
/*!40000 ALTER TABLE `historial` DISABLE KEYS */;
INSERT INTO `historial` VALUES (1,102,1,'2016-08-14 08:18:45','A'),(2,102,2,'2015-10-13 23:15:13','A'),(3,102,3,'2016-01-31 17:48:30','A'),(4,14,3,'2015-10-26 15:17:46','A'),(5,51,2,'2015-12-10 02:05:13','A'),(6,40,2,'2016-09-29 07:22:40','A'),(7,29,3,'2016-05-25 21:40:24','A'),(8,32,1,'2016-07-30 05:02:04','A'),(9,20,2,'2016-04-29 12:58:16','A'),(10,58,1,'2016-05-28 22:37:09','A'),(11,77,1,'2015-11-28 03:59:24','A'),(12,24,1,'2016-08-07 20:51:32','A'),(13,29,3,'2016-09-27 16:52:15','A'),(14,65,2,'2016-03-27 04:14:39','A'),(15,77,3,'2016-09-26 04:50:00','A'),(16,65,3,'2016-07-01 13:14:09','A'),(17,56,2,'2016-03-07 07:24:17','A'),(18,21,1,'2015-11-25 02:35:30','A'),(19,40,1,'2016-08-02 04:46:28','A'),(20,41,2,'2016-05-29 21:24:21','A'),(21,79,3,'2016-06-05 07:07:55','A'),(22,7,3,'2015-12-28 07:17:16','A'),(23,33,1,'2016-09-18 07:18:04','A'),(24,50,3,'2016-10-05 21:02:11','A'),(25,82,1,'2015-11-17 03:35:19','A'),(26,58,2,'2015-12-06 18:35:43','A'),(27,80,1,'2015-11-04 09:48:28','A'),(28,1,2,'2016-02-28 15:31:21','A'),(29,101,3,'2016-02-03 17:20:17','A'),(30,62,1,'2015-10-12 07:31:08','A'),(31,73,3,'2016-01-26 00:35:25','A'),(32,86,3,'2016-07-13 07:18:41','A'),(33,89,1,'2016-08-24 13:38:55','A'),(34,2,3,'2016-08-26 17:18:31','A'),(35,91,1,'2016-02-15 18:21:53','A'),(36,65,1,'2016-02-08 00:57:51','A'),(37,53,1,'2016-06-17 10:31:51','A'),(38,74,2,'2015-11-15 09:08:12','A'),(39,52,1,'2016-04-25 06:39:04','A'),(40,39,2,'2016-04-03 16:24:45','A'),(41,6,1,'2016-05-13 00:34:26','A'),(42,44,1,'2016-07-20 02:26:14','A'),(43,74,3,'2016-01-15 20:57:27','A'),(44,70,1,'2016-10-07 10:53:24','A'),(45,56,2,'2015-12-01 07:22:31','A'),(46,47,3,'2016-03-12 01:39:10','A'),(47,103,2,'2016-07-28 01:47:08','A'),(48,30,3,'2016-03-15 08:58:29','A'),(49,7,3,'2016-08-24 23:14:58','A'),(50,34,1,'2016-02-22 17:29:48','A'),(51,29,2,'2016-08-20 11:19:45','A'),(52,74,1,'2016-05-29 02:37:02','A'),(53,15,3,'2015-11-30 22:28:51','A'),(54,71,3,'2016-07-12 02:23:42','A'),(55,32,1,'2015-11-16 13:52:58','A'),(56,93,3,'2016-10-05 03:15:57','A'),(57,14,2,'2016-04-05 15:24:49','A'),(58,8,3,'2016-02-11 01:48:29','A'),(59,89,1,'2015-10-18 16:20:25','A'),(60,69,2,'2016-09-15 04:15:22','A'),(61,90,2,'2016-04-02 12:53:30','A'),(62,103,3,'2016-06-18 11:30:08','A'),(63,13,2,'2016-07-05 15:14:57','A'),(64,49,3,'2015-10-25 01:35:22','A'),(65,24,1,'2015-10-23 10:44:55','A'),(66,96,3,'2016-01-17 13:24:56','A'),(67,3,2,'2016-03-28 15:41:28','A'),(68,24,2,'2015-12-15 06:49:33','A'),(69,91,3,'2016-05-20 02:04:59','A'),(70,29,1,'2016-04-24 04:27:17','A'),(71,85,1,'2015-11-29 17:10:47','A'),(72,104,3,'2015-11-28 00:07:50','A'),(73,59,2,'2016-04-12 02:02:08','A'),(74,3,2,'2016-05-23 23:19:55','A'),(75,24,1,'2016-09-11 19:55:22','A'),(76,95,1,'2015-11-24 07:32:12','A'),(77,55,3,'2016-10-02 08:53:29','A'),(78,99,3,'2015-10-25 21:12:22','A'),(79,65,3,'2016-02-09 19:07:45','A'),(80,22,3,'2015-11-26 07:21:11','A'),(81,14,2,'2015-10-23 01:23:41','A'),(82,71,1,'2015-12-29 13:03:34','A'),(83,8,3,'2016-08-31 22:12:01','A'),(84,58,3,'2016-10-05 17:38:06','A'),(85,32,1,'2016-03-28 00:47:03','A'),(86,50,2,'2016-01-21 14:50:47','A'),(87,38,3,'2016-10-07 11:15:53','A'),(88,89,2,'2016-04-20 23:04:39','A'),(89,68,3,'2016-05-01 22:24:31','A'),(90,71,1,'2016-04-06 06:06:50','A'),(91,98,2,'2015-10-13 23:02:36','A'),(92,80,1,'2016-09-03 06:07:59','A'),(93,55,1,'2016-03-11 07:41:12','A'),(94,25,1,'2015-10-19 04:58:35','A'),(95,104,3,'2015-12-23 00:39:21','A'),(96,86,2,'2016-04-20 19:33:58','A'),(97,57,2,'2016-02-29 20:10:14','A'),(98,25,1,'2016-08-10 19:09:05','A'),(99,104,2,'2016-10-07 18:30:28','A'),(100,52,1,'2015-11-14 03:23:47','A');
/*!40000 ALTER TABLE `historial` ENABLE KEYS */;
UNLOCK TABLES;

--
-- Table structure for table `usuarios`
--

DROP TABLE IF EXISTS `usuarios`;
/*!40101 SET @saved_cs_client     = @@character_set_client */;
/*!40101 SET character_set_client = utf8 */;
CREATE TABLE `usuarios` (
  `id` int(11) NOT NULL AUTO_INCREMENT,
  `tipo` varchar(45) CHARACTER SET utf8 NOT NULL,
  `cedula` varchar(45) CHARACTER SET utf8 NOT NULL,
  `clave` varchar(200) COLLATE utf8_spanish_ci NOT NULL,
  `apellidos` varchar(100) COLLATE utf8_spanish_ci NOT NULL,
  `nombres` varchar(100) COLLATE utf8_spanish_ci NOT NULL,
  `fecha_registro` datetime NOT NULL,
  `estado` varchar(1) CHARACTER SET utf8 NOT NULL DEFAULT 'A',
  PRIMARY KEY (`id`),
  UNIQUE KEY `cedula_UNIQUE` (`cedula`)
) ENGINE=InnoDB AUTO_INCREMENT=103 DEFAULT CHARSET=utf8 COLLATE=utf8_spanish_ci;
/*!40101 SET character_set_client = @saved_cs_client */;

--
-- Dumping data for table `usuarios`
--

LOCK TABLES `usuarios` WRITE;
/*!40000 ALTER TABLE `usuarios` DISABLE KEYS */;
INSERT INTO `usuarios` VALUES (1,'ADMINISTRADOR','0924096233','*156D7887BE9ADE452183424CF8EC9092F672C532','TARIRA TRIVINO','JEFFERSON','2016-08-22 16:51:50','A'),(2,'ESTANDAR','0982275637','*156D7887BE9ADE452183424CF8EC9092F672C532','CEVALLOS VILLACIS','ANDREA','2016-10-06 11:17:12','A'),(3,'ESTANDAR','56740458399','*156D7887BE9ADE452183424CF8EC9092F672C532','LEVINE','DORIAN','2013-11-26 18:14:35','A'),(4,'ADMINISTRADOR','04732390299','*156D7887BE9ADE452183424CF8EC9092F672C532','NASH','CALVIN','2016-06-14 09:48:17','A'),(5,'ADMINISTRADOR','90297153199','*156D7887BE9ADE452183424CF8EC9092F672C532','HAMILTON','AMOS','2013-11-19 13:11:48','A'),(6,'ESTANDAR','31378227299','*156D7887BE9ADE452183424CF8EC9092F672C532','PETTY','NOLAN','2015-10-13 05:39:07','A'),(7,'ADMINISTRADOR','58793481499','*156D7887BE9ADE452183424CF8EC9092F672C532','LESTER','RAPHAEL','2016-05-18 21:44:14','A'),(8,'ESTANDAR','26506953899','*156D7887BE9ADE452183424CF8EC9092F672C532','JOYNER','ARETHA','2016-06-15 04:57:47','A'),(9,'ADMINISTRADOR','04642943299','*156D7887BE9ADE452183424CF8EC9092F672C532','VELASQUEZ','ALEXIS','2014-03-13 10:34:28','A'),(10,'ADMINISTRADOR','78694215099','*156D7887BE9ADE452183424CF8EC9092F672C532','MCCLAIN','INGA','2015-10-13 15:32:56','A'),(11,'ADMINISTRADOR','45821854699','*156D7887BE9ADE452183424CF8EC9092F672C532','REESE','CAMILLE','2013-08-09 02:02:56','A'),(12,'ESTANDAR','07798072899','*156D7887BE9ADE452183424CF8EC9092F672C532','LUCAS','CAIN','2015-05-05 21:26:32','A'),(13,'ESTANDAR','89689540199','*156D7887BE9ADE452183424CF8EC9092F672C532','NEAL','HARPER','2015-07-21 02:21:53','A'),(14,'ESTANDAR','78883822999','*156D7887BE9ADE452183424CF8EC9092F672C532','HUNT','HEDDA','2014-06-27 10:13:06','A'),(15,'ADMINISTRADOR','91404442999','*156D7887BE9ADE452183424CF8EC9092F672C532','SMITH','XERXES','2015-09-12 20:21:02','A'),(16,'ADMINISTRADOR','78369206199','*156D7887BE9ADE452183424CF8EC9092F672C532','GIBSON','RHEA','2013-03-24 22:34:10','A'),(17,'ADMINISTRADOR','61631712099','*156D7887BE9ADE452183424CF8EC9092F672C532','ODONNELL','RHIANNON','2013-12-02 09:07:02','A'),(18,'ADMINISTRADOR','11769354899','*156D7887BE9ADE452183424CF8EC9092F672C532','RILEY','YEO','2014-03-05 04:39:41','A'),(19,'ESTANDAR','06407850199','*156D7887BE9ADE452183424CF8EC9092F672C532','BLEVINS','MOSES','2012-11-17 16:56:32','A'),(20,'ADMINISTRADOR','73787398999','*156D7887BE9ADE452183424CF8EC9092F672C532','BURKE','ARMAND','2015-10-04 21:04:08','A'),(21,'ESTANDAR','79598167199','*156D7887BE9ADE452183424CF8EC9092F672C532','ROWLAND','ISABELLA','2015-08-17 12:35:32','A'),(22,'ADMINISTRADOR','64202698599','*156D7887BE9ADE452183424CF8EC9092F672C532','ARNOLD','MAXWELL','2014-08-21 09:26:15','A'),(23,'ADMINISTRADOR','38429010799','*156D7887BE9ADE452183424CF8EC9092F672C532','WORKMAN','JULIET','2016-05-19 08:13:47','A'),(24,'ADMINISTRADOR','16829754599','*156D7887BE9ADE452183424CF8EC9092F672C532','NIXON','KERRY','2015-04-22 07:35:37','A'),(25,'ESTANDAR','49494047399','*156D7887BE9ADE452183424CF8EC9092F672C532','CARNEY','JASMINE','2013-02-25 17:55:38','A'),(26,'ADMINISTRADOR','75795549099','*156D7887BE9ADE452183424CF8EC9092F672C532','MASSEY','THOMAS','2015-04-21 00:48:19','A'),(27,'ADMINISTRADOR','80371057199','*156D7887BE9ADE452183424CF8EC9092F672C532','PRINCE','KEELIE','2013-09-11 15:04:51','A'),(28,'ESTANDAR','72881826899','*156D7887BE9ADE452183424CF8EC9092F672C532','BRAY','BUFFY','2016-02-09 19:17:36','A'),(29,'ESTANDAR','72745152799','*156D7887BE9ADE452183424CF8EC9092F672C532','BOOTH','TREVOR','2016-07-03 13:22:46','A'),(30,'ESTANDAR','09246863599','*156D7887BE9ADE452183424CF8EC9092F672C532','ENGLISH','ADRIENNE','2015-08-05 20:43:13','A'),(31,'ESTANDAR','91556970499','*156D7887BE9ADE452183424CF8EC9092F672C532','KEITH','ZOE','2013-05-11 00:35:10','A'),(32,'ADMINISTRADOR','77357333299','*156D7887BE9ADE452183424CF8EC9092F672C532','WHEELER','ARIEL','2015-07-19 06:20:56','A'),(33,'ESTANDAR','29220062699','*156D7887BE9ADE452183424CF8EC9092F672C532','DONOVAN','CARISSA','2015-05-08 10:50:20','A'),(34,'ADMINISTRADOR','42755523699','*156D7887BE9ADE452183424CF8EC9092F672C532','DOTSON','ISHMAEL','2016-06-06 00:37:47','A'),(35,'ADMINISTRADOR','40562239299','*156D7887BE9ADE452183424CF8EC9092F672C532','VELEZ','THEODORE','2014-03-23 01:36:19','A'),(36,'ESTANDAR','86629537599','*156D7887BE9ADE452183424CF8EC9092F672C532','MARTINEZ','HEDY','2014-02-28 05:48:33','A'),(37,'ESTANDAR','66396426499','*156D7887BE9ADE452183424CF8EC9092F672C532','CLEMENTS','BEVIS','2013-04-01 17:23:05','A'),(38,'ADMINISTRADOR','98956743899','*156D7887BE9ADE452183424CF8EC9092F672C532','WILLIAMS','INGRID','2013-12-07 00:41:59','A'),(39,'ADMINISTRADOR','12951877899','*156D7887BE9ADE452183424CF8EC9092F672C532','MILES','MAXINE','2015-03-24 00:21:40','A'),(40,'ESTANDAR','06593305399','*156D7887BE9ADE452183424CF8EC9092F672C532','WOODWARD','MALIK','2013-12-25 08:02:07','A'),(41,'ADMINISTRADOR','57292044299','*156D7887BE9ADE452183424CF8EC9092F672C532','CABRERA','AARON','2016-03-02 14:52:51','A'),(42,'ESTANDAR','69810650099','*156D7887BE9ADE452183424CF8EC9092F672C532','SHARPE','KARYN','2016-05-30 04:22:12','A'),(43,'ESTANDAR','94717016999','*156D7887BE9ADE452183424CF8EC9092F672C532','PARSONS','BARRETT','2013-08-09 12:16:45','A'),(44,'ADMINISTRADOR','80904530799','*156D7887BE9ADE452183424CF8EC9092F672C532','COBB','LEVI','2016-09-23 12:55:24','A'),(45,'ESTANDAR','88917776199','*156D7887BE9ADE452183424CF8EC9092F672C532','BAXTER','DAWN','2014-08-30 04:13:54','A'),(46,'ESTANDAR','17763728899','*156D7887BE9ADE452183424CF8EC9092F672C532','YATES','ANGELICA','2015-06-16 08:55:31','A'),(47,'ADMINISTRADOR','38786488999','*156D7887BE9ADE452183424CF8EC9092F672C532','PATEL','FREDERICKA','2015-07-01 18:28:05','A'),(48,'ADMINISTRADOR','76259674599','*156D7887BE9ADE452183424CF8EC9092F672C532','GAMBLE','IVANA','2014-01-04 08:57:52','A'),(49,'ESTANDAR','38846556899','*156D7887BE9ADE452183424CF8EC9092F672C532','GLENN','MELYSSA','2014-09-03 20:02:16','A'),(50,'ESTANDAR','44618194099','*156D7887BE9ADE452183424CF8EC9092F672C532','PADILLA','VIRGINIA','2012-10-05 23:32:21','A'),(51,'ADMINISTRADOR','93811248699','*156D7887BE9ADE452183424CF8EC9092F672C532','DUNN','KARINA','2013-02-03 10:34:40','A'),(52,'ADMINISTRADOR','77427337299','*156D7887BE9ADE452183424CF8EC9092F672C532','ORTEGA','KYLE','2013-07-08 00:57:53','A'),(53,'ESTANDAR','15265681999','*156D7887BE9ADE452183424CF8EC9092F672C532','GONZALEZ','NATHANIEL','2012-10-18 10:41:30','A'),(54,'ADMINISTRADOR','66218034399','*156D7887BE9ADE452183424CF8EC9092F672C532','GILES','DIANA','2013-01-30 21:16:35','A'),(55,'ADMINISTRADOR','04511371199','*156D7887BE9ADE452183424CF8EC9092F672C532','FRANKS','KERMIT','2014-04-27 05:27:50','A'),(56,'ESTANDAR','80969562399','*156D7887BE9ADE452183424CF8EC9092F672C532','BAXTER','RHODA','2013-07-25 01:41:05','A'),(57,'ESTANDAR','10409219199','*156D7887BE9ADE452183424CF8EC9092F672C532','WARNER','VINCENT','2015-05-25 09:39:54','A'),(58,'ADMINISTRADOR','18784020499','*156D7887BE9ADE452183424CF8EC9092F672C532','VALENCIA','XAVIER','2013-01-22 11:05:49','A'),(59,'ADMINISTRADOR','93388298499','*156D7887BE9ADE452183424CF8EC9092F672C532','FORBES','RAVEN','2015-08-27 16:25:35','A'),(60,'ADMINISTRADOR','57832600999','*156D7887BE9ADE452183424CF8EC9092F672C532','GARCIA','KUAME','2014-09-15 17:25:33','A'),(61,'ADMINISTRADOR','23677153599','*156D7887BE9ADE452183424CF8EC9092F672C532','MORSE','SYBILL','2016-05-18 16:27:39','A'),(62,'ESTANDAR','52220390199','*156D7887BE9ADE452183424CF8EC9092F672C532','HOBBS','ROGAN','2015-08-18 02:19:09','A'),(63,'ADMINISTRADOR','98689537799','*156D7887BE9ADE452183424CF8EC9092F672C532','MCKEE','VELMA','2014-11-16 10:11:29','A'),(64,'ESTANDAR','14285089299','*156D7887BE9ADE452183424CF8EC9092F672C532','SKINNER','HAMILTON','2014-03-09 00:10:21','A'),(65,'ADMINISTRADOR','17428245699','*156D7887BE9ADE452183424CF8EC9092F672C532','KENT','MOANA','2013-11-24 16:01:04','A'),(66,'ADMINISTRADOR','53246535199','*156D7887BE9ADE452183424CF8EC9092F672C532','CRAWFORD','ROBIN','2013-09-25 21:22:03','A'),(67,'ADMINISTRADOR','88207886299','*156D7887BE9ADE452183424CF8EC9092F672C532','PACE','ALEC','2013-11-05 21:02:15','A'),(68,'ADMINISTRADOR','36916880899','*156D7887BE9ADE452183424CF8EC9092F672C532','ROSS','UTA','2014-06-06 19:47:58','A'),(69,'ESTANDAR','78847442299','*156D7887BE9ADE452183424CF8EC9092F672C532','CANNON','AMAYA','2016-01-09 09:38:46','A'),(70,'ADMINISTRADOR','34735626999','*156D7887BE9ADE452183424CF8EC9092F672C532','WYATT','UTA','2016-02-27 08:51:24','A'),(71,'ESTANDAR','43294317999','*156D7887BE9ADE452183424CF8EC9092F672C532','HOOPER','WYOMING','2014-05-18 19:44:06','A'),(72,'ESTANDAR','26664026399','*156D7887BE9ADE452183424CF8EC9092F672C532','DUNN','HAYDEN','2013-08-11 17:32:06','A'),(73,'ESTANDAR','52846238199','*156D7887BE9ADE452183424CF8EC9092F672C532','BLANCHARD','IFEOMA','2014-04-24 13:59:27','A'),(74,'ADMINISTRADOR','79584407299','*156D7887BE9ADE452183424CF8EC9092F672C532','ELLISON','ELIZABETH','2013-01-26 01:43:46','A'),(75,'ESTANDAR','15756180599','*156D7887BE9ADE452183424CF8EC9092F672C532','BECK','CHADWICK','2015-10-12 14:00:43','A'),(76,'ESTANDAR','40601508999','*156D7887BE9ADE452183424CF8EC9092F672C532','BROCK','JACKSON','2016-06-02 20:08:39','A'),(77,'ESTANDAR','00417761399','*156D7887BE9ADE452183424CF8EC9092F672C532','MASON','ILLIANA','2015-08-07 09:39:30','A'),(78,'ESTANDAR','62773788899','*156D7887BE9ADE452183424CF8EC9092F672C532','RIVERS','ECHO','2016-02-11 10:20:07','A'),(79,'ADMINISTRADOR','83760140199','*156D7887BE9ADE452183424CF8EC9092F672C532','THOMAS','CANDACE','2016-07-05 15:51:07','A'),(80,'ESTANDAR','98932102099','*156D7887BE9ADE452183424CF8EC9092F672C532','CARLSON','HOLMES','2016-01-17 22:07:07','A'),(81,'ADMINISTRADOR','33747440799','*156D7887BE9ADE452183424CF8EC9092F672C532','BARRY','MOANA','2016-01-24 23:07:54','A'),(82,'ADMINISTRADOR','47300579699','*156D7887BE9ADE452183424CF8EC9092F672C532','HOLT','DAMIAN','2013-04-26 06:53:00','A'),(83,'ADMINISTRADOR','40951467099','*156D7887BE9ADE452183424CF8EC9092F672C532','NEWTON','LEE','2015-08-25 00:53:45','A'),(84,'ESTANDAR','45405951999','*156D7887BE9ADE452183424CF8EC9092F672C532','TOWNSEND','PHYLLIS','2015-01-25 21:05:42','A'),(85,'ESTANDAR','16689282599','*156D7887BE9ADE452183424CF8EC9092F672C532','STEVENSON','IRIS','2016-09-05 12:14:32','A'),(86,'ADMINISTRADOR','55964296299','*156D7887BE9ADE452183424CF8EC9092F672C532','ABBOTT','DARIA','2015-07-15 06:47:54','A'),(87,'ADMINISTRADOR','96422973799','*156D7887BE9ADE452183424CF8EC9092F672C532','HALE','ABIGAIL','2014-08-09 06:24:52','A'),(88,'ESTANDAR','67360593999','*156D7887BE9ADE452183424CF8EC9092F672C532','LARA','MERRITT','2014-05-22 05:30:39','A'),(89,'ADMINISTRADOR','99284382799','*156D7887BE9ADE452183424CF8EC9092F672C532','HEATH','NEREA','2016-09-30 05:19:51','A'),(90,'ADMINISTRADOR','46965338999','*156D7887BE9ADE452183424CF8EC9092F672C532','CRAWFORD','HAYLEY','2016-02-09 12:57:45','A'),(91,'ESTANDAR','10333087599','*156D7887BE9ADE452183424CF8EC9092F672C532','MCNEIL','ERICA','2014-02-11 18:36:51','A'),(92,'ESTANDAR','40263890199','*156D7887BE9ADE452183424CF8EC9092F672C532','BAXTER','BROOKE','2016-09-12 15:26:40','A'),(93,'ESTANDAR','41609591099','*156D7887BE9ADE452183424CF8EC9092F672C532','COMPTON','GARRETT','2013-08-23 20:00:14','A'),(94,'ESTANDAR','09892286499','*156D7887BE9ADE452183424CF8EC9092F672C532','SHAFFER','AURORA','2016-07-16 02:37:45','A'),(95,'ADMINISTRADOR','19606923499','*156D7887BE9ADE452183424CF8EC9092F672C532','HANEY','CAROL','2013-04-20 04:07:09','A'),(96,'ESTANDAR','36531560399','*156D7887BE9ADE452183424CF8EC9092F672C532','BRADLEY','MAISIE','2012-12-11 04:05:24','A'),(97,'ADMINISTRADOR','88766002699','*156D7887BE9ADE452183424CF8EC9092F672C532','MCCALL','KENYON','2013-03-31 20:45:53','A'),(98,'ESTANDAR','98252351099','*156D7887BE9ADE452183424CF8EC9092F672C532','GENTRY','JESSICA','2013-08-08 10:47:40','A'),(99,'ESTANDAR','86395892899','*156D7887BE9ADE452183424CF8EC9092F672C532','ONEILL','ALLEN','2015-03-20 03:48:03','A'),(100,'ESTANDAR','50470594199','*156D7887BE9ADE452183424CF8EC9092F672C532','SWEET','STUART','2015-11-18 20:40:11','A'),(101,'ESTANDAR','37965771399','*156D7887BE9ADE452183424CF8EC9092F672C532','CHANDLER','MAGEE','2013-06-14 18:40:17','A'),(102,'ESTANDAR','45948794699','*156D7887BE9ADE452183424CF8EC9092F672C532','DAWSON','REGAN','2016-02-14 21:04:01','A');
/*!40000 ALTER TABLE `usuarios` ENABLE KEYS */;
UNLOCK TABLES;

--
-- Dumping events for database 'alumru'
--

--
-- Dumping routines for database 'alumru'
--
/*!40103 SET TIME_ZONE=@OLD_TIME_ZONE */;

/*!40101 SET SQL_MODE=@OLD_SQL_MODE */;
/*!40014 SET FOREIGN_KEY_CHECKS=@OLD_FOREIGN_KEY_CHECKS */;
/*!40014 SET UNIQUE_CHECKS=@OLD_UNIQUE_CHECKS */;
/*!40101 SET CHARACTER_SET_CLIENT=@OLD_CHARACTER_SET_CLIENT */;
/*!40101 SET CHARACTER_SET_RESULTS=@OLD_CHARACTER_SET_RESULTS */;
/*!40101 SET COLLATION_CONNECTION=@OLD_COLLATION_CONNECTION */;
/*!40111 SET SQL_NOTES=@OLD_SQL_NOTES */;

-- Dump completed on 2016-10-17  8:33:55
